created_at,full_text,screen_name,location,description,followers_count,friends_count,statuses_count,verified,full_retweet_text
2020-01-22 06:20:15+00:00,"RT @StephenPunwasi: ğŸ˜¬ ğŸ˜¬ ğŸ˜¬

Remember when Ford cut a billion dollars from Toronto's public health? ğŸ¤”

A good portion of that was infectiousâ€¦",Yannick_Comenge,PARIS,#Pugwash  #influencer #IA #montarodan #strategist #Consultant #Web #innovation Chercheur en biologie devenu blogueur et influenceur et #giletsjaunes,2396,2949,23045,False,"ğŸ˜¬ ğŸ˜¬ ğŸ˜¬

Remember when Ford cut a billion dollars from Toronto's public health? ğŸ¤”

A good portion of that was infectious and communicable disease surveillance and treatment programs. 

Wuhan virus ainâ€™t nuthinâ€™ ta fâ€™ wit.  ğŸ˜…

#cdnpoli #onpoli 

https://t.co/upnSazDImn"
2020-01-22 06:20:52+00:00,RT @CDCgov: The first human infection with new #coronavirus (#2019-nCoV) has been reported in the US in a person who recently traveled to Wâ€¦,ivona_11,"Cuernavaca, Morelos","OtomÃ­ de sangre, tlahuica por convicciÃ³n, leal, independiente,feminista, guerrillera, original sarcastica y soÃ±adora, pero sobre todo rara y despistada",184,700,1214,False,"The first human infection with new #coronavirus (#2019-nCoV) has been reported in the US in a person who recently traveled to Wuhan, China. Additional cases in travelers have been reported in Thailand, Japan, and The Republic of Korea. https://t.co/bbH7gGPuyh https://t.co/cGvFc4DYDZ"
2020-01-22 06:21:03+00:00,"RT @ABC: Washington Gov. Jay Inslee on first confirmed case of coronavirus reported in U.S.: ""The risk is low to residents of the state ofâ€¦",999Hawks,,999,107,47,1743,False,"Washington Gov. Jay Inslee on first confirmed case of coronavirus reported in U.S.: ""The risk is low to residents of the state of Washington.""

""This is certainly not a moment for panic or high anxiety. It is a moment for vigilance."" https://t.co/FsCRAdLtSR https://t.co/ba26z2KHIb"
2020-01-22 06:21:34+00:00,"RT @CDCgov: Parents: Just like you dress your children in layers to protect them from #WinterWeather, you can also help protect them from sâ€¦",tedwlsn31,"Denver, CO",I'm interested in wellness and healthy living!  I enjoy discussing with people about the many different ways they can live healthier lives.,378,23,35354,False,"Parents: Just like you dress your children in layers to protect them from #WinterWeather, you can also help protect them from six types of cancer by making sure theyâ€™re up to date on their #HPV vaccine.

Learn more: https://t.co/37pMRH0Is2. https://t.co/OJhJR83Rz3"
2020-01-22 06:22:10+00:00,"RT @Dystopia992: ğŸ‡¨ğŸ‡³ #ChinaPneumonia
â€” The CDC has confirmed the FIRST #US case of Wuhan #coronavirus after a traveler was diagnosed in Seatâ€¦",wai46223378,,Hong Kong is no China,403,633,6517,False,"ğŸ‡¨ğŸ‡³ #ChinaPneumonia
â€” The CDC has confirmed the FIRST #US case of Wuhan #coronavirus after a traveler was diagnosed in Seattle, #Washington.

Birds, raccoon dogs, rodents.. @CNNâ€™s video inside #Wuhanâ€™s Hainan â€œSeafoodâ€ Market, origin of #WuhanPneumonia..
https://t.co/GjF1aDFkZU"
2020-01-22 06:22:50+00:00,Aishhh so scaryğŸ˜£ https://t.co/2l91PkWH3M,DarlinNathaniel,"sarawak,malaysia","if your dream didn't scare you,then its not big enough.",146,186,3638,False,NaN
2020-01-22 06:23:10+00:00,"First case of Wuhan coronavirus discovered in the U.S., says CDC https://t.co/zGzr2gpFB8 #business",bigyellowbook,UK,The secrets of internet marketing,326,333,44641,False,NaN
2020-01-22 06:23:15+00:00,"@Fact Roughly the same number of women who are victims of sexual assault

https://t.co/g9NLnitX2e",pakiahkoi,"SF Bay Area, Cali",Well-read old soul with the attention span of a 4 year old. Think Plato and Play-Doh.,153,506,8533,False,NaN
2020-01-22 06:23:19+00:00,"RT @CNN: The United States has its first confirmed case of a new virus that appeared in Wuhan, China, last month.

The coronavirus has alreâ€¦",sarahderpy,,Dont usually tweet just usually retweets of weird news and cats...and D&D,24,85,996,False,"The United States has its first confirmed case of a new virus that appeared in Wuhan, China, last month.

The coronavirus has already sickened hundreds and killed six people in Asia. https://t.co/A2PodeeFR5"
2020-01-22 06:23:22+00:00,"RT @chrishendel: .@CDCgov recently released new guidance for clinicians regarding novel #coronavirus (2019-nCoV).
https://t.co/6enhF71mrO
Iâ€¦",BiteOfAMosquito,"Spokane, WA",Eastern Washington University Disease Ecology Lab. This site is intended to be a one-stop source of curated news and information on vectors and their pathogens.,2695,2274,112599,False,".@CDCgov recently released new guidance for clinicians regarding novel #coronavirus (2019-nCoV).
https://t.co/6enhF71mrO
Info about the #nCoV2019 virus is spreading quickly. In addition to following CDC on this, please keep in mind @CIDRAP &amp; @ProMED_mail for latest developments."
2020-01-22 06:24:08+00:00,"RT @RamyInocencio: China #Coronavirus Latest: 
- China deaths rise to 9 with 440 infections. Japan 1, Korea 1, Thailand 3, Taiwan 1
- Firstâ€¦",Amsterdam2030,Amsterdam,,69,157,634,False,"China #Coronavirus Latest: 
- China deaths rise to 9 with 440 infections. Japan 1, Korea 1, Thailand 3, Taiwan 1
- First case in U.S. state of Washington
- U.S. CDC &amp; WHO: expect more cases in U.S., China, Asia
@CBSNews is here. Wuhan seafood market believed to be #groundzero. ğŸ‡¨ğŸ‡³ https://t.co/iS6eytiLBI"
2020-01-22 06:24:29+00:00,"Iâ€™m not one to believe in conspiracy theories, but Iâ€™m pretty sure Tamiflu (for outpatient use) is one of the most successful scams ever pulled. The evidence does speak for itself (more side effects than benefits) but nobody can hear it because Roche pays the CDC to speak louder. https://t.co/eZWi0TPUA1",RyanMarino,"Cleveland, OH","Doctor/Human â€¢ Medical Toxicology â€¢ Emergency Medicine â€¢ @UHhospitals toxicologist, but opinions my own â€¢ drugs are misunderstood; people are misunderstood more",24334,2304,59067,True,NaN
2020-01-22 06:24:34+00:00,RT @CDCgov: The first human infection with new #coronavirus (#2019-nCoV) has been reported in the US in a person who recently traveled to Wâ€¦,c_maria84,"Doral,Fl",https://t.co/dBHlIBhfHo MarÃ­a Gabriela,3291,4969,142590,False,"The first human infection with new #coronavirus (#2019-nCoV) has been reported in the US in a person who recently traveled to Wuhan, China. Additional cases in travelers have been reported in Thailand, Japan, and The Republic of Korea. https://t.co/bbH7gGPuyh https://t.co/cGvFc4DYDZ"
2020-01-22 06:24:38+00:00,@GinJake_S @giard_joan @pattonoswalt This was a quick search that I found today. I researched this stuff a year or so back... around the time right after parkland. The study was done by the CDC and revealed the information. Do the research if you truly care. This was just the quick search that leads to the evidence.,xXxDeej,I live in your screen,,160,204,12380,False,NaN
2020-01-22 06:26:21+00:00,What? https://t.co/HCmwbrDO0L,jolenedurbin,"Placentia, CA",Christian; Entrepreneur; Grammy;,80,288,12421,False,NaN
2020-01-22 06:26:37+00:00,"RT @ABC: The first case of a new coronavirus that's sickened nearly 300 people in Asia has been reported in a patient in Washington state,â€¦",gingin21,Panama City Beach Florida,,350,505,204275,False,"The first case of a new coronavirus that's sickened nearly 300 people in Asia has been reported in a patient in Washington state, according to the CDC. https://t.co/Bfst9h4ZgD"
2020-01-22 06:27:03+00:00,"RT @RamyInocencio: China #Coronavirus Latest: 
- China deaths rise to 9 with 440 infections. Japan 1, Korea 1, Thailand 3, Taiwan 1
- Firstâ€¦",DaniTshabalala,South Africa,,298,4995,15902,False,"China #Coronavirus Latest: 
- China deaths rise to 9 with 440 infections. Japan 1, Korea 1, Thailand 3, Taiwan 1
- First case in U.S. state of Washington
- U.S. CDC &amp; WHO: expect more cases in U.S., China, Asia
@CBSNews is here. Wuhan seafood market believed to be #groundzero. ğŸ‡¨ğŸ‡³ https://t.co/iS6eytiLBI"
2020-01-22 06:27:54+00:00,RT @Reuters: A U.S. resident who recently traveled to China has been diagnosed with the newly identified Wuhan coronavirus that has sickeneâ€¦,UsaCleanup,,,123,887,21909,False,"A U.S. resident who recently traveled to China has been diagnosed with the newly identified Wuhan coronavirus that has sickened more than 300 people and killed at least six in China, the U.S. Centers for Disease Control and Prevention (CDC) said https://t.co/unxYqzvL34 https://t.co/Pw751NBpNs"
2020-01-22 06:29:27+00:00,"RT @RamyInocencio: China #Coronavirus Latest: 
- China deaths rise to 9 with 440 infections. Japan 1, Korea 1, Thailand 3, Taiwan 1
- Firstâ€¦",thedirector13,"near Vancouver
","Staying safe and respecting Virus control measures like all good citizens. #standwithHongkong  #freeKovrigandSpavor, Stop #Chinazi ""Don't Nudge on me""",261,615,7102,False,"China #Coronavirus Latest: 
- China deaths rise to 9 with 440 infections. Japan 1, Korea 1, Thailand 3, Taiwan 1
- First case in U.S. state of Washington
- U.S. CDC &amp; WHO: expect more cases in U.S., China, Asia
@CBSNews is here. Wuhan seafood market believed to be #groundzero. ğŸ‡¨ğŸ‡³ https://t.co/iS6eytiLBI"
2020-01-22 06:30:25+00:00,RT @CDCgov: The first human infection with new #coronavirus (#2019-nCoV) has been reported in the US in a person who recently traveled to Wâ€¦,MrBenDover5,"Michigan, USA","bend-over. Verb. (third-person singular simple present bends over, present participle bending over, simple past and past participle bent over)",84,835,2912,False,"The first human infection with new #coronavirus (#2019-nCoV) has been reported in the US in a person who recently traveled to Wuhan, China. Additional cases in travelers have been reported in Thailand, Japan, and The Republic of Korea. https://t.co/bbH7gGPuyh https://t.co/cGvFc4DYDZ"
2020-01-22 06:30:27+00:00,"@LHill777 @kdo88 @shoreboy1961 @JoAnnNYNY @KHandstuff @AmyOttinger415 @weareoversight I have almost everything DVR'd and just started watching.

Pray for me and room on my DVR.

Meanwhile I am reading up on the news and tweets.

Waiting for CDC thing on Coronavirus. Scary.",akuma_river,Gulf Coast - Texas,"Freedom of speech is a god-given right; Censorship is the work of the devil. Hate speech becomes violence. Evil people deserve shunning.

18 U.S. Code Â§ 2381",2309,3699,694153,False,NaN
2020-01-22 06:31:06+00:00,RT @Suluclac: CDC confirms first US case of coronavirus that has killed 9 in China @CNBC  https://t.co/2cJQks96Me,kioman,USA,"Musician, songwriter, writer with a passion for news, design, food, science, history. My life has relocated from Manhattan to West Texas.",3761,4991,119999,False,CDC confirms first US case of coronavirus that has killed 9 in China @CNBC  https://t.co/2cJQks96Me
2020-01-22 06:31:28+00:00,"RT @RamyInocencio: China #Coronavirus Latest: 
- China deaths rise to 9 with 440 infections. Japan 1, Korea 1, Thailand 3, Taiwan 1
- Firstâ€¦",vin_ann,"OnePlus 6T: 0.000000,0.000000",Runner. Cyclist. Crossfitter. Ultra Runner.,1753,1924,198146,False,"China #Coronavirus Latest: 
- China deaths rise to 9 with 440 infections. Japan 1, Korea 1, Thailand 3, Taiwan 1
- First case in U.S. state of Washington
- U.S. CDC &amp; WHO: expect more cases in U.S., China, Asia
@CBSNews is here. Wuhan seafood market believed to be #groundzero. ğŸ‡¨ğŸ‡³ https://t.co/iS6eytiLBI"
2020-01-22 06:31:33+00:00,Oâ€™Hare to screen passengers for symptoms of Chinese coronavirus as US confirms its 1st case https://t.co/plSeFkV1zG,kbierley,"Dayton, Ohio, USA","Married with Kids, Work 30+ Years.  Support Truth, Justice and American Free Enterprise, So Help me GOD!",248,1805,57553,False,NaN
2020-01-22 06:31:40+00:00,"RT @nytimes: Breaking News: The first U.S. case of the Wuhan coronavirus has been confirmed in Washington State, federal officials said. Thâ€¦",quincypetersjr,On Planet EarthğŸŒ,"#irepmyset..Rapper,Singer and Song Writer. Travel & Educational Consultant âœˆï¸ PCRC Exec. Member #PoliceIsYourFriend #GDG #CUG  @esteemroyalcomp",1604,4048,18932,False,"Breaking News: The first U.S. case of the Wuhan coronavirus has been confirmed in Washington State, federal officials said. The virus has spread from China to at least 4 other countries. https://t.co/ahjgXTS9sM"
2020-01-22 06:31:44+00:00,"RT @LotusOak2: The VAXXED movie looked at the story of a CDC scientist, Dr William Thompson, who said his team altered a major #vaccine safâ€¦",byTracei,"Oklahoma, USA","ğŸ‡ºğŸ‡¸ğŸ‡¦ğŸ‡º Iâ€™ve decided to hell with political correctness, enough already ... and Trump is still your President. WWG1WGA",318,410,16993,False,"The VAXXED movie looked at the story of a CDC scientist, Dr William Thompson, who said his team altered a major #vaccine safety study, erasing evidence of a link between the #MMR vaccine &amp; #Autism among Afro-American boys.

WATCH &amp; SHARE:
https://t.co/e8dCYktRfa

#WakeUpAmerica https://t.co/cYpuPwa2MJ"
2020-01-22 06:31:55+00:00,"RT @AnneKPIX: @CDC has activated its emergency operations center. 
They expect more US cases.
#coronavirus",STD_Jonathan,"Hello, love from GhanağŸ‡°ğŸ‡µ","HeğŸ³ï¸â€ğŸŒˆâ”‚15-20â”‚ğŸ¨Artist & Climate Activistâ³â”‚
#ExtinctionRebellion #savethesharks ğŸ’™ğŸ¦ˆ#ClimateStrike ğŸŒ",33,1269,5272,False,"@CDC has activated its emergency operations center. 
They expect more US cases.
#coronavirus"
2020-01-22 06:31:59+00:00,"RT @nytimes: Breaking News: The first U.S. case of the Wuhan coronavirus has been confirmed in Washington State, federal officials said. Thâ€¦",John407116161,,,2223,1306,24276,False,"Breaking News: The first U.S. case of the Wuhan coronavirus has been confirmed in Washington State, federal officials said. The virus has spread from China to at least 4 other countries. https://t.co/ahjgXTS9sM"
2020-01-22 06:31:59+00:00,"RT @CNN: The United States has its first confirmed case of a new virus that appeared in Wuhan, China, last month, the US Centers for Diseasâ€¦",hannahennahanna,"Florida, USA",the 1st.,21,42,267,False,"The United States has its first confirmed case of a new virus that appeared in Wuhan, China, last month, the US Centers for Disease Control and Prevention announced. The virus has already sickened hundreds and killed six people in Asia. https://t.co/odemhZIlSY"
2020-01-22 06:32:18+00:00,@Jimmie_Luke Imagine not knowing there are multiple doses and over 156 antigens in the CDC vaccine schedule,the_IZA_,,#NaturalLaw #RaisetheDjed #Djedi #Seer #willpower #personalresponsibility in a paradigm of reincarnation ... there are NO VICTIMS... only choices.,705,333,18077,False,NaN
2020-01-22 06:32:46+00:00,"RT @Dystopia992: ğŸ‡¨ğŸ‡³ #ChinaPneumonia
â€” The CDC has confirmed the FIRST #US case of Wuhan #coronavirus after a traveler was diagnosed in Seatâ€¦",mandy77975978,HK,"HongKongers, we shall never surrender!",329,1118,5832,False,"ğŸ‡¨ğŸ‡³ #ChinaPneumonia
â€” The CDC has confirmed the FIRST #US case of Wuhan #coronavirus after a traveler was diagnosed in Seattle, #Washington.

Birds, raccoon dogs, rodents.. @CNNâ€™s video inside #Wuhanâ€™s Hainan â€œSeafoodâ€ Market, origin of #WuhanPneumonia..
https://t.co/GjF1aDFkZU"
2020-01-22 06:33:11+00:00,"RT @eve_eats_apples: You need to pay attention to this

Lambie will support the #Indue #CDC  national roll out within 2 yrs, &amp; NO opt-outsâ€¦",HuskyBobSays,,"Retired, sports-loving leftie who loves English soccer, especially SAFC",358,492,19202,False,"You need to pay attention to this

Lambie will support the #Indue #CDC  national roll out within 2 yrs, &amp; NO opt-outs

If it doesn't effect you now, chances are it will one day, or someone you know

It's UNCONSTITUTIONAL!!

NO to #cashlessdebitcard 

#auspol https://t.co/fScMRd1BsI"
2020-01-22 06:33:13+00:00,"RT @cnni: The United States has its first confirmed case of a new virus that appeared in Wuhan, China, last month, the US Centers for Diseaâ€¦",Roderic20444823,,,147,2693,3165,False,"The United States has its first confirmed case of a new virus that appeared in Wuhan, China, last month, the US Centers for Disease Control and Prevention announced. The virus has already sickened hundreds and killed six people in Asia. https://t.co/YLUTSOJwaG"
2020-01-22 06:33:20+00:00,"RT @RamyInocencio: China #Coronavirus Latest: 
- China deaths rise to 9 with 440 infections. Japan 1, Korea 1, Thailand 3, Taiwan 1
- Firstâ€¦",YesImRyanS,Winterfell,"Work your hardest. Dream your biggest. Be your greatest. Everyday I'm hustlin'.

Red wine fan, sushi guy, gelato fanatic.",111,797,4881,False,"China #Coronavirus Latest: 
- China deaths rise to 9 with 440 infections. Japan 1, Korea 1, Thailand 3, Taiwan 1
- First case in U.S. state of Washington
- U.S. CDC &amp; WHO: expect more cases in U.S., China, Asia
@CBSNews is here. Wuhan seafood market believed to be #groundzero. ğŸ‡¨ğŸ‡³ https://t.co/iS6eytiLBI"
2020-01-22 06:34:18+00:00,"RT @An0nAKn0wledge: CDC Confirms First Case of Deadly New Coronavirus in the US, Expects More to Come:
https://t.co/PCgITyvl58 via @Unleashâ€¦",KLopez85,"DubÃ¡i, Emiratos Ãrabes Unidos",no te metas conmigo si lo haces te pirateo tus cuentas verÃ¡s un infierno ama a DÃ­os sobre todas tus cosas!*. K12:. b20b20:.#ILUMINTI99 #hijosdelamx,549,1104,8913,False,"CDC Confirms First Case of Deadly New Coronavirus in the US, Expects More to Come:
https://t.co/PCgITyvl58 via @UnleashMind"
2020-01-22 06:34:40+00:00,"RT @ABC: Washington Gov. Jay Inslee on first confirmed case of coronavirus reported in U.S.: ""The risk is low to residents of the state ofâ€¦",AmfweirWeir,California ,"Iâ€™m a Christian. Working 4 The Lordâ¤ï¸#God Almighty.""Know Jesus,â¤Know Peace. No Jesus, No peace!""â¤Jesus,â¤Pope John P2,â¤DJTğŸ‡ºğŸ‡¸#MAGA #Nationaldayofprayer~9/3/17",5974,5055,74805,False,"Washington Gov. Jay Inslee on first confirmed case of coronavirus reported in U.S.: ""The risk is low to residents of the state of Washington.""

""This is certainly not a moment for panic or high anxiety. It is a moment for vigilance."" https://t.co/FsCRAdLtSR https://t.co/ba26z2KHIb"
2020-01-22 06:34:54+00:00,"RT @IndoPac_Info: #Chinaâ€™s Deadly Coronavirus Cover-Up Is Getting Worse as First Case Hits #US

Press coverage about the virus is tightly câ€¦",kannur_gururaj,Mumbai,"Rationalist, loves science and food. Optimism!",119,369,8740,False,"#Chinaâ€™s Deadly Coronavirus Cover-Up Is Getting Worse as First Case Hits #US

Press coverage about the virus is tightly controlled in China, and information about it is stifled online. 

But now the CDC has identified a case in Washington State
https://t.co/7qLuZ0I9DY"
2020-01-22 06:35:19+00:00,RT @CDCgov: The first human infection with new #coronavirus (#2019-nCoV) has been reported in the US in a person who recently traveled to Wâ€¦,Johanisms,"McMaster University, KSAU-HS","Editor-in-chief, Journal of Infection & Public Health. Director of Microbiology & Virology Lab, KAMC-R, MNGHA ğŸ‘©ğŸ»â€âš•ï¸ğŸ¦  Assoc. Dean, COSHP-F, KSAU-HS",1497,114,4158,False,"The first human infection with new #coronavirus (#2019-nCoV) has been reported in the US in a person who recently traveled to Wuhan, China. Additional cases in travelers have been reported in Thailand, Japan, and The Republic of Korea. https://t.co/bbH7gGPuyh https://t.co/cGvFc4DYDZ"
2020-01-22 06:35:25+00:00,RT @EsotericExposal: CDC Admits 98 Million Americans Received Polio Vaccine In An 8-Year Span When It Was Contaminated With Cancer Virus htâ€¦,seeinginfull,"Area - Portland, Oregon","I AM the Love that I Seek. Th Journey is Inward. ğŸ’TLC 13 Love CommunityTM Private ğŸ I Am a Moor American National â—‡ I Am the Owner of, Nature's Reflections13",1460,686,350151,False,CDC Admits 98 Million Americans Received Polio Vaccine In An 8-Year Span When It Was Contaminated With Cancer Virus https://t.co/5kH2qxO4gB
2020-01-22 06:35:25+00:00,"RT @IndoPac_Info: #Chinaâ€™s Deadly Coronavirus Cover-Up Is Getting Worse as First Case Hits #US

Press coverage about the virus is tightly câ€¦",Tomcola4,,"å¾å¿ƒæ‰€å‘ï¼Œå¥”èµ´è‡ªç”±ã€‚
æ™‚ä»£é©å‘½ï¼Œæ™®ä¸–å…±é³´ã€‚",1393,3090,36374,False,"#Chinaâ€™s Deadly Coronavirus Cover-Up Is Getting Worse as First Case Hits #US

Press coverage about the virus is tightly controlled in China, and information about it is stifled online. 

But now the CDC has identified a case in Washington State
https://t.co/7qLuZ0I9DY"
2020-01-22 06:35:41+00:00,CDC Group makes $15 million commitment to TLcomâ€™s TIDE AfricaÂ Fund https://t.co/EEw9hZWKj4 https://t.co/iALYJPBhfi,innovationville,"Lagos, Nigeria","Current News on Innovation, New Technologies, Products, People in Africa",4274,878,34333,False,NaN
2020-01-22 06:35:43+00:00,CDC Group makes $15 million commitment to TLcomâ€™s TIDE AfricaÂ Fund https://t.co/yNbZZVrlZ1 https://t.co/CX2XVIB9wZ,ebufra,nigeria,Wealth Management | Private Banking | Financial Advisory Services | Mutual Funds | Stocks | Pensions | Digital Financial Services,625,207,9737,False,NaN
2020-01-22 06:36:13+00:00,CDC Group makes $15 million commitment to TLcomâ€™s TIDE Africa Fund https://t.co/KC3nfKYRSd,innovationville,"Lagos, Nigeria","Current News on Innovation, New Technologies, Products, People in Africa",4274,878,34333,False,NaN
2020-01-22 06:37:01+00:00,"RT @PMBreakingNews: Breaking: The CDC is expected to announce the first case of the new strain of coronavirus, or nCov, in Washington stateâ€¦",Rob4088,,,29,104,2949,False,"Breaking: The CDC is expected to announce the first case of the new strain of coronavirus, or nCov, in Washington state in the United States."
2020-01-22 06:37:36+00:00,RT @wsvn: #BREAKING: The CDC is expected to announce this afternoon that the first case of Wuhan coronavirus has been reported in the Uniteâ€¦,BOSSleidyx3,,Miami ğŸŒ´â˜€ï¸ | Certified MUA ğŸ’„ğŸ’‹ | Instagram @makeupbyleidymir || for eyelashes use code â€˜ makeupbyleidymir â€˜ ğŸ‘‡ğŸ¼ for money off,371,388,17787,False,"#BREAKING: The CDC is expected to announce this afternoon that the first case of Wuhan coronavirus has been reported in the United States, sources tell @CNN. The virus has so far infected more than 300 people in China. https://t.co/gMC5jpscWx"
2020-01-22 06:37:48+00:00,"Guess who's back
Back again
Corona is back bitches
.
.
https://t.co/T0JVO8WGoI",evaArtemise97,Iraq,"Interior & graphic designer

.
.

Life is overrated #infj
.

.",3649,806,5452,False,NaN
2020-01-22 06:38:14+00:00,"RT @ccjanetang: Today, @CDCgov confirmed the first case of 2019 Novel Coronavirus (2019-nCoV) in the United States. The website also providâ€¦",BoycottHegemony,World,I keep track of China Hegemony around the world. #FreeChina #AntiCCP #AntiCommunism #ChinaHegemony #BoycottHegemony #HumanRights Cover @TheEconomist,8155,5231,65665,False,"Today, @CDCgov confirmed the first case of 2019 Novel Coronavirus (2019-nCoV) in the United States. The website also provided a map of China...
https://t.co/RSCAeSqdxO https://t.co/9FKAn2wxWF"
2020-01-22 06:38:23+00:00,"Killer Chinese virus comes to the US, CDC says https://t.co/PpVn3YoSzL via @MailOnline",cher1511,South Africa,"#profile
 I like my narratives uncontrolled, my news media independent and my research teams anonymous",2190,2524,35251,False,NaN
2020-01-22 06:38:50+00:00,"RT @AnnCoulter: Oh for pete's sake!  The Supreme Court upheld your Muslim ban, @realDonaldTrump!  Would you please put a temporary travel bâ€¦",jamie_marie73,,#Trump2020 Pro-life Christian. No DM'S I don't answer them.,2459,3349,38738,False,"Oh for pete's sake!  The Supreme Court upheld your Muslim ban, @realDonaldTrump!  Would you please put a temporary travel ban on China?

https://t.co/f58k3F2PhV"
2020-01-22 06:38:54+00:00,RT @ASavageNation: QUARANTINE!  STOP ALL TRAVELERS FROM CHINA FROM ENTERING THE U.S./ common-sense means to protect Americans!  CDC IS USELâ€¦,AnnMarieMck,"New York, USA",Patriotic American Republican-Conservative,642,667,63666,False,QUARANTINE!  STOP ALL TRAVELERS FROM CHINA FROM ENTERING THE U.S./ common-sense means to protect Americans!  CDC IS USELESS.  RUN BY POLITICAL HACKS NOT PUBLIC HEALTH SERVANTS
2020-01-22 06:39:01+00:00,"RT @fukushimaexpos2: American man in his 30s is hospitalized in Washington state with SARS-like coronavirus after visiting Wuhan, CDC says.â€¦",SpotPhillip,,"You're Not Gonna Like Everything I say,
Even Soul Mates Have Differences.

https://t.co/Nibebih8hZ
https://t.co/Xwn45McQMe
*I DO NOT ACCEPT GIFTS",58,148,5638,False,"American man in his 30s is hospitalized in Washington state with SARS-like coronavirus after visiting Wuhan, CDC says.
https://t.co/fC1XLsVQuR"
2020-01-22 06:39:22+00:00,"RT @ajplus: A new virus spreading in China has been detected in Seattle, says the CDC â€” making it the 1st U.S. case.

â–ªï¸ Health officials câ€¦",Micinski5,37Â°14â€² 3.60â€³N 115Â° 48â€² 23.99â€³W,engagement does not = endorsement,7355,3835,56074,False,"A new virus spreading in China has been detected in Seattle, says the CDC â€” making it the 1st U.S. case.

â–ªï¸ Health officials confirmed the virus is contagious
â–ªï¸ It has infected ~300 people, and killed 6, in China
â–ªï¸ Cases also in Japan, Thailand, Taiwan, South Korea https://t.co/lURizUEqoC"
2020-01-22 06:39:32+00:00,"@Lovelyy_Jules @_LiraGalore https://t.co/LE1FcGTDa7

https://t.co/X9TR9dkJRb

https://t.co/VOPrxy463I

https://t.co/44LcKBkP1w

https://t.co/JEGL6t0X6D

https://t.co/dEI5HGL96c

https://t.co/8gKxTw4KZ7

You will find the first two links very interesting, as they discuss how all of this madness started.",Frankdiplomat,Infinity And Beyond,".Arts, Politics & Finance Writer
.Feminist/Humanist
.Hungry Investor
.Historian
.DM or inbox Franichigz@gmail.com for captivating articles and ad copies",178,180,2511,False,NaN
2020-01-22 06:40:04+00:00,"QuickStats: Percentage of Emergency Department Visits for Pain at Which Opioids Were Given or Prescribed, by Geographic Region of the Hospital â€” United States, 2005â€“2017 https://t.co/AY6kOIO178 MT @cdcmmwr https://t.co/OlwzSwPJn6",HIV_Insight,"Honolulu, Hawai'i","HIV, AIDS, STI, STD, HPV, Sexuality, LGBT, et al. Also @Hlth_Literacy, @Prison_Health, @Sex_Worker_Hlth",17826,739,233388,False,NaN
2020-01-22 06:40:33+00:00,"RT @MelissaShaffe18: @realDonaldTrump Autism, cancer and autoimmune diseases are higher than ever before. When do we stop this madness. CDCâ€¦",Kenny98149103,Wish a troll would,I'm from the slap a troll tribe me Chief kick a troll,2605,3409,9568,False,"@realDonaldTrump Autism, cancer and autoimmune diseases are higher than ever before. When do we stop this madness. CDC is in bed with Big Pharma. Why else would @CDCgov delete this from their website.
Check this out ğŸ‘‡ğŸ‘‡ğŸ‘‡ğŸ‘‡ğŸ‘‡ https://t.co/OlwMsRZxzq"
2020-01-22 06:40:49+00:00,"RT @eve_eats_apples: You need to pay attention to this

Lambie will support the #Indue #CDC  national roll out within 2 yrs, &amp; NO opt-outsâ€¦",DellKi2,,,589,585,60852,False,"You need to pay attention to this

Lambie will support the #Indue #CDC  national roll out within 2 yrs, &amp; NO opt-outs

If it doesn't effect you now, chances are it will one day, or someone you know

It's UNCONSTITUTIONAL!!

NO to #cashlessdebitcard 

#auspol https://t.co/fScMRd1BsI"
2020-01-22 06:40:59+00:00,"RT @Dystopia992: ğŸ‡¨ğŸ‡³ #ChinaPneumonia
â€” The CDC has confirmed the FIRST #US case of Wuhan #coronavirus after a traveler was diagnosed in Seatâ€¦",Slaine_RS,Hong Kong,"24 |RSN: Slaine| World60pengs Captain| Nintendo Switch| INTP 
#FreeHongKong #StandWithHongKong",475,1326,11867,False,"ğŸ‡¨ğŸ‡³ #ChinaPneumonia
â€” The CDC has confirmed the FIRST #US case of Wuhan #coronavirus after a traveler was diagnosed in Seattle, #Washington.

Birds, raccoon dogs, rodents.. @CNNâ€™s video inside #Wuhanâ€™s Hainan â€œSeafoodâ€ Market, origin of #WuhanPneumonia..
https://t.co/GjF1aDFkZU"
2020-01-22 06:41:05+00:00,RT @wsbtv: First U.S. case of deadly coronavirus confirmed; Atlanta airport to begin screening passengers: https://t.co/luszLKBAr7 https://â€¦,slaylongloveyou,Georgia,"Here for a good time, not a long time. ğŸ¤™ğŸ¾ Amplifying marginalized voices. ğŸ“¢ Mariah Carey is my heart. VSU ğŸ”¥ Bisexual ğŸŒˆ she/her",1729,711,376463,False,First U.S. case of deadly coronavirus confirmed; Atlanta airport to begin screening passengers: https://t.co/luszLKBAr7 https://t.co/o1wkSFEw6A
2020-01-22 06:41:07+00:00,RT @CDCgov: The first human infection with new #coronavirus (#2019-nCoV) has been reported in the US in a person who recently traveled to Wâ€¦,Medaktuell,berlin,Medizin und Gesundheit. Betreuender Internist ALBA Berlin Basketballteam. EBM,1187,3275,6155,False,"The first human infection with new #coronavirus (#2019-nCoV) has been reported in the US in a person who recently traveled to Wuhan, China. Additional cases in travelers have been reported in Thailand, Japan, and The Republic of Korea. https://t.co/bbH7gGPuyh https://t.co/cGvFc4DYDZ"
2020-01-22 06:41:11+00:00,RT @BenSwann_: Study: CDC's Vaccine Schedule May Be Harmful To Children https://t.co/zpZNPFgm3n #sb276 #vaccinetruth #vaccines,RedMystique,Seattle,"I'm a simple woman - God, family & country. Proud Wife, Mom & Grandma. Paralegal. Dog lover. Loves country music. Hates hypocrisy and injustice.",115,633,1941,False,Study: CDC's Vaccine Schedule May Be Harmful To Children https://t.co/zpZNPFgm3n #sb276 #vaccinetruth #vaccines
2020-01-22 06:41:13+00:00,RT @gmahdesian: @ASavageNation A quarrantine is common sense! The CDC is a useless government agency. There is no time for political correcâ€¦,AnnMarieMck,"New York, USA",Patriotic American Republican-Conservative,642,667,63666,False,@ASavageNation A quarrantine is common sense! The CDC is a useless government agency. There is no time for political correctness!
2020-01-22 06:41:21+00:00,Pestilence Ã re one of the coming plagues spoken of by JESUS himself. In Matthew  chapter 24.b https://t.co/rDVvllKrc8,cathbeahm,"Louisville, KY","Our purpose is to lead our readers to truth and to the saving knowledge of Jesus Christ, to encourage Christians to grow in their faith...",202,674,3905,False,NaN
2020-01-22 06:42:05+00:00,"RT @DasithTharaka: @bbcsinhala Do we have a plan? #CORONAVIRUS #China 
@GotabayaR @DCRGunawardena 

https://t.co/DoqCpMM7mb",KasunGamageLive,"Dubai, United Arab Emirates","Sri LankanğŸ‡±ğŸ‡°â˜¸ï¸Love Playing CricketğŸRise Above Hate ğŸ‘ŠğŸ¤™.Instargam @KasunGamageLive ,Previous Twitter(Since 2010)account Blocked according to request of BCCI",126,588,3998,False,"@bbcsinhala Do we have a plan? #CORONAVIRUS #China 
@GotabayaR @DCRGunawardena 

https://t.co/DoqCpMM7mb"
2020-01-22 06:43:45+00:00,"RT @eve_eats_apples: You need to pay attention to this

Lambie will support the #Indue #CDC  national roll out within 2 yrs, &amp; NO opt-outsâ€¦",MdmAbsentMinded,Melbourne,"Our strength is in numbers!  United we stand âœŠ
#Global #Resistance
I live on Wurunjeri-willam land, East Kulin nation, home of Woi wurrung peoples. #neverceded",5800,5258,274398,False,"You need to pay attention to this

Lambie will support the #Indue #CDC  national roll out within 2 yrs, &amp; NO opt-outs

If it doesn't effect you now, chances are it will one day, or someone you know

It's UNCONSTITUTIONAL!!

NO to #cashlessdebitcard 

#auspol https://t.co/fScMRd1BsI"
2020-01-22 06:43:50+00:00,"RT @trumptrain1111: BEWARE!

THE CHINA VIRUS HAS LANDED IN US!

CDC Confirms First U.S. Case of Deadly China Virus
#trumptrain1111 https://â€¦",InAbsentia9,Tatooine...,"Former Democrat, hypocrisy put me off; dog ğŸ¶ lover; RT doesn't = endorsement of thoughts; promote freedom, patriotism & support our troops. Phil 4:13",10644,11386,617922,False,"BEWARE!

THE CHINA VIRUS HAS LANDED IN US!

CDC Confirms First U.S. Case of Deadly China Virus
#trumptrain1111 https://t.co/Q5mqFgWsQL via @BreitbartNews"
2020-01-22 06:45:17+00:00,"RT @richdavisphd: There are a lots of people tweeting about the new #coronavirus, especially as the CDC has confirmed a case in Washington.â€¦",MountAirMedia,Here to there and back again.,Logistics/whateverâ€™s needed for locally built up communities- Rwanda since 1992. Vertical landscape & local food security gardens-U.S. She/Her.,774,996,52701,False,"There are a lots of people tweeting about the new #coronavirus, especially as the CDC has confirmed a case in Washington.

A few resources that do good, level job of reporting &amp; curating:
@CIDRAP (Center for ID Research and Policy) and 
@HelenBranswell, reporter for @statnews"
2020-01-22 06:46:14+00:00,"RT @flaschemom: OMG ğŸ˜± 
WSBTV partner with the CDC to promote the Coronavirus Pandemic Tour!!!
ğŸ‰ğŸ‰ğŸ‰ğŸ‰ğŸ‰ğŸ‰ğŸ‰
*special guest*
Ebola virus
ğŸŠğŸŠğŸŠğŸŠğŸŠğŸŠğŸŠ
Râ€¦",GadflySquared,,"Please read our PINNED Tweet.
#MAGA #KAG",1650,2801,3726,False,"OMG ğŸ˜± 
WSBTV partner with the CDC to promote the Coronavirus Pandemic Tour!!!
ğŸ‰ğŸ‰ğŸ‰ğŸ‰ğŸ‰ğŸ‰ğŸ‰
*special guest*
Ebola virus
ğŸŠğŸŠğŸŠğŸŠğŸŠğŸŠğŸŠ
Recently created vaccines coming soon to a Walmart and Target near you!

https://t.co/syXugHDkdd"
2020-01-22 06:47:00+00:00,RT @Suluclac: CDC confirms first US case of coronavirus that has killed 9 in China @CNBC  https://t.co/2cJQks96Me,FREEMANHARRISO7,"BIG SKY, MONTANA .59716 ","BELIEVE IT /LOVE IT / PATRIOT !!! USA !!! GET SOME    STRONG REPUBLICAN, EX-ARMY , I LOVE COOKING, CAMPING , HUNTING, FISHING,  AMERICAN FLAG=OL GLORYâ­â­â­",4643,5095,22650,False,CDC confirms first US case of coronavirus that has killed 9 in China @CNBC  https://t.co/2cJQks96Me
2020-01-22 06:48:01+00:00,"RT @ABC: Washington Gov. Jay Inslee on first confirmed case of coronavirus reported in U.S.: ""The risk is low to residents of the state ofâ€¦",isluckbad,Earth,,279,123,11578,False,"Washington Gov. Jay Inslee on first confirmed case of coronavirus reported in U.S.: ""The risk is low to residents of the state of Washington.""

""This is certainly not a moment for panic or high anxiety. It is a moment for vigilance."" https://t.co/FsCRAdLtSR https://t.co/ba26z2KHIb"
2020-01-22 06:48:20+00:00,"RT @eve_eats_apples: @TyrieLinda @AlexDevantier @GordonLegal @McIntyreGregory Absolutely!!

The #CDC is unwarranted, involuntary financialâ€¦",MdmAbsentMinded,Melbourne,"Our strength is in numbers!  United we stand âœŠ
#Global #Resistance
I live on Wurunjeri-willam land, East Kulin nation, home of Woi wurrung peoples. #neverceded",5800,5258,274398,False,"@TyrieLinda @AlexDevantier @GordonLegal @McIntyreGregory Absolutely!!

The #CDC is unwarranted, involuntary financial guardianship, which can only legally be imposed via court-ruled incompetency

The imposition of involuntary financial management sidesteps the law

1."
2020-01-22 06:48:24+00:00,RT @Nightline: 1st confirmed case of new coronavirus reported in US: CDC: https://t.co/cT39w8G65U,psybrspcsuprstr,"San Diego, California","Video,Music,Theatre,  Film-Production,  Director/Producer,Entrepreneur, ,Starâ˜„Stuff,Uncooperative â„±ollower,?Oracle?",1417,1917,306171,False,1st confirmed case of new coronavirus reported in US: CDC: https://t.co/cT39w8G65U
2020-01-22 06:48:25+00:00,"RT @agvBruceAdams: Fluoride: It does a Body Bad
Recommended by the VAXXers at the CDC https://t.co/9G9sOoDGd8",wholesomebutter,In the cut ,lurkinâ€™,745,77,1538,False,"Fluoride: It does a Body Bad
Recommended by the VAXXers at the CDC https://t.co/9G9sOoDGd8"
2020-01-22 06:48:36+00:00,Pandemic Apocalypse coming to a town near you. https://t.co/dtIpqviWoZ,BarbaraEEllison,"Hell, USA","Goldâ­ï¸Mother lost my son in 2012 Afghanistan ğŸ‡ºğŸ‡¸
I used to play ğŸ¸ & ğŸ¤  Tomorrow could be to late, if only you had some faith....",2275,382,12077,False,NaN
2020-01-22 06:51:15+00:00,"RT @HelenBranswell: The first U.S. #nCoV2019 case confirmed.
Man in his 30s, Washington State. In good condition. Didn't visit wet markets,â€¦",Micinski5,37Â°14â€² 3.60â€³N 115Â° 48â€² 23.99â€³W,engagement does not = endorsement,7355,3835,56074,False,"The first U.S. #nCoV2019 case confirmed.
Man in his 30s, Washington State. In good condition. Didn't visit wet markets, had no known contact with sick people.
https://t.co/X6Ba8ZHpG9"
2020-01-22 06:52:09+00:00,"@ninja_vaping @JohnMaaMD @Spartan_Vapers @ParentsvsVape @JohnMaaMD This, this is what I meant by CDC being incompetent. Self reporting is not 100% reliable. Victims can &amp; will lie to protect themselves.",tr1pl3six,Malaysia,Canâ€™t understand what I mean? You soon will,71,254,976,False,NaN
2020-01-22 06:52:46+00:00,Wuhan Coronavirus: C.D.C. Identifies First U.S. Case in Washington State. A man in Washington State is infected with a new respiratory virus. Federal officials plan to expand screenings for the infection at major airports https://t.co/sMb6OoFUSP #infection #virus #pandemic,cesaralonsop,"Spain, Madrid","Transforming healthcare through Digital Health and innovation, to help people live longer, healthier and happier lives. Healthcare & Pharma Digital expert",1843,1353,11974,False,NaN
2020-01-22 06:53:00+00:00,"RT @cnnbrk: The first US case of the deadly Wuhan coronavirus, in Washington state, is expected to be announced later today by the CDC httpâ€¦",FreedmanFY558,"London, England","Think globally, act locally.ğŸŒğŸ—ï¸
I'm nobody, I just want some air:)",422,1893,9936,False,"The first US case of the deadly Wuhan coronavirus, in Washington state, is expected to be announced later today by the CDC https://t.co/v674xdpisV https://t.co/joPOIEq22y"
2020-01-22 06:53:16+00:00,"RT @ABC: Washington Gov. Jay Inslee on first confirmed case of coronavirus reported in U.S.: ""The risk is low to residents of the state ofâ€¦",AmOwll,"Ice Planet AKA Rochester, NY",Unabashed Trekker and amateur movie/book/television critic. Whovian. Advocate for mental health. Occasionally guilty of political commentary. Bronte enthusiast,1152,2748,36813,False,"Washington Gov. Jay Inslee on first confirmed case of coronavirus reported in U.S.: ""The risk is low to residents of the state of Washington.""

""This is certainly not a moment for panic or high anxiety. It is a moment for vigilance."" https://t.co/FsCRAdLtSR https://t.co/ba26z2KHIb"
2020-01-22 06:54:15+00:00,1st Wuhan #coronavirus infection (2019 Novel Coronavirus; 2019-nCoV) announced in the US 21st Jan. #WHO meeting today; #CDC summary and background of the situation here: https://t.co/yfLzBOcTaK,HelsinkiOne,"Helsinki, Suomi",Science of the interaction between animal and human health and welfare in the rapidly changing environment @helsinkiuni #helsinkionehealth,349,231,465,False,NaN
2020-01-22 06:55:43+00:00,RT @Suluclac: CDC confirms first US case of coronavirus that has killed 9 in China @CNBC  https://t.co/2cJQks96Me,Sentenced2Write,"Horseshoe Bay, Texas",Retired trial lawyer. Writer. TRUMP ARMY. MAGA! KAG! Trumpian! Love Trump!! CNN is an enemy to freedom and truth! Boycott CNN! Jesus abhors religion.,4483,5002,66826,False,CDC confirms first US case of coronavirus that has killed 9 in China @CNBC  https://t.co/2cJQks96Me
2020-01-22 06:56:18+00:00,"First US case of coronavirus reported in Washington state, CDC says https://t.co/HZRV4CSN6X",DOCisChief,Chicago,"A living wage shouldn't be a privilege. Sallie Mae is at my neck. More money for Libraries, not tax breaks for Amazon. DESTROY ICE ğŸ˜¤",1307,583,201562,False,NaN
2020-01-22 06:57:45+00:00,"RT @the_hindu: A #Washington state man who recently traveled to #China has been diagnosed with the #coronavirus, becoming the first confirmâ€¦",HariharaS87,,,10,149,113,False,"A #Washington state man who recently traveled to #China has been diagnosed with the #coronavirus, becoming the first confirmed U.S. case of the newly identified illness that has killed six people in China and sickened some 300 others across #Asia

https://t.co/KfzdvffKcT"
2020-01-22 06:58:42+00:00,"RT @CDCFlu: Fever, aches, and chills? It could be #flu. 

It can be difficult to tell the difference between a cold and flu, but special teâ€¦",2HkkZcVnWGQVulE,,,1633,1775,22742,False,"Fever, aches, and chills? It could be #flu. 

It can be difficult to tell the difference between a cold and flu, but special tests done by your doctor during the first few days of illness can tell if youâ€™re sick with #flu. 

Learn more: https://t.co/mRTOe2Exxm https://t.co/pzXJ7qVtP7"
2020-01-22 06:59:14+00:00,"RT @AnneKPIX: @CDC has activated its emergency operations center. 
They expect more US cases.
#coronavirus",JuanCeg,"ÃœT: 8.596228,-71.143402",PM&R Medical Resident. #NeuroRHB #MSK #USG #SportMedicine #Rehab #surfer,274,239,5075,False,"@CDC has activated its emergency operations center. 
They expect more US cases.
#coronavirus"
2020-01-22 06:00:19+00:00,CDC announces first U.S. case of Chinese coronavirus https://t.co/USiz4hOMA9,TroyChirico,,,7,84,1424,False,NaN
2020-01-22 06:15:35+00:00,RT @Nan33S: CDC Confirms First U.S. Case of Deadly China Virus https://t.co/td4y6dKFcq via @BreitbartNews,haylostachoo,Ocala,"OBNğŸŠ091ğŸµDimashDearğŸµTo think, I hesitated! Lie?Me?Never!The truth is far too much fun!ğŸ”¥ğŸ—¡ğŸ©ğŸ‘¨â€ğŸš€ğŸ•°ğŸ’ƒğŸ”¦ğŸšªğŸ‘ ğŸ‡ºğŸ‡¸ #CovFeFeDexterLucifer #Trump  #MAGA #Vet #KAG ğŸ¶ğŸ¶",14437,15147,39430,False,CDC Confirms First U.S. Case of Deadly China Virus https://t.co/td4y6dKFcq via @BreitbartNews
2020-01-22 06:28:55+00:00,RT @shadowww_gu: #WuhanCoronavirus #ChinaPneumonia  now the most popular game in Chinese App Store is plague inc. #howChinaFaceFear https:/â€¦,xfdxdf,,Lol,7,107,104,False,#WuhanCoronavirus #ChinaPneumonia  now the most popular game in Chinese App Store is plague inc. #howChinaFaceFear https://t.co/lb3oHrVxh0
2020-01-22 06:00:00+00:00,"The CDC is monitoring travelers after coronavirus outbreak in China

https://t.co/C5s62k14Iy",SydneyASnow,"Springfield, MA",Reporter/MMJ for @WWLP22News @BridgeStateU alum,455,357,486,True,NaN
2020-01-22 06:11:37+00:00,"RT @RamyInocencio: China #Coronavirus Latest: 
- China deaths rise to 9 with 440 infections. Japan 1, Korea 1, Thailand 3, Taiwan 1
- Firstâ€¦",RenneNelis,Hong Kong / Sydney,Taiwanese Dutchie in HK & occasional fixer. Close follower of all HK related news. Tweets in English & Dutch and sometimes German. The usual disclaimer applies,1021,3168,51430,False,"China #Coronavirus Latest: 
- China deaths rise to 9 with 440 infections. Japan 1, Korea 1, Thailand 3, Taiwan 1
- First case in U.S. state of Washington
- U.S. CDC &amp; WHO: expect more cases in U.S., China, Asia
@CBSNews is here. Wuhan seafood market believed to be #groundzero. ğŸ‡¨ğŸ‡³ https://t.co/iS6eytiLBI"
2020-01-22 06:17:40+00:00,"RT @MVGosnoldFarmer: @Kelfalala @VincentCrypt46 @BradJorgensen8 sorry, i was partly wrong, CDC not a private corp but there is this:  httpsâ€¦",PeacemakerRoars,WA State,,789,266,96278,False,"@Kelfalala @VincentCrypt46 @BradJorgensen8 sorry, i was partly wrong, CDC not a private corp but there is this:  https://t.co/R7geKEWVtK"
2020-01-22 06:11:01+00:00,RT @Reuters: A U.S. resident who recently traveled to China has been diagnosed with the newly identified Wuhan coronavirus that has sickeneâ€¦,gingin21,Panama City Beach Florida,,350,505,204275,False,"A U.S. resident who recently traveled to China has been diagnosed with the newly identified Wuhan coronavirus that has sickened more than 300 people and killed at least six in China, the U.S. Centers for Disease Control and Prevention (CDC) said https://t.co/unxYqzvL34 https://t.co/Pw751NBpNs"
2020-01-22 06:14:48+00:00,Oh Crap! This is going to be bad. Spreading quick. CDC do your thing! https://t.co/BdnB0VulVr,Blickys69,,,96,231,964,False,NaN
2020-01-22 06:02:23+00:00,"RT @MVGosnoldFarmer: @VincentCrypt46 @BradJorgensen8 correction: not a private corp, but there is this: https://t.co/R7geKEWVtK",PatriciaWWatson,Weathersfield VT,"Ret Magnum & NatGeo Photo Agent, Co-Founder Crimes of War Project. #MothersAreHeroes, #JFKJrLives. #Q #Q+ #MAGA #WWG1WGA Q sent me!",1839,1588,38617,False,"@VincentCrypt46 @BradJorgensen8 correction: not a private corp, but there is this: https://t.co/R7geKEWVtK"
2020-01-22 06:17:45+00:00,CDC Announces First U.S. Case Of New Coronavirus In Washington State https://t.co/ObsyjlN85E,SCOTTYSIMM,USA,"I'm Joe Citizen, everything public in America I own, by where I spend my money and the taxes on my home.
11/22/2002
Â© Scotty Simmons",2047,1983,103614,False,NaN
2020-01-22 06:14:10+00:00,"CDC said the man arrived in the US on January 15 and later sought treatment after developing flu-like symptoms. #maltawinds #UnitedStates #WuhanOutbreak 
https://t.co/0F8CUFlrq1",WindsMalta,Malta,Malta Winds is an electronic platform that raises awareness key economic and financial issues.,143,244,3585,False,NaN
2020-01-22 06:05:08+00:00,"RT @RamyInocencio: China #Coronavirus Latest: 
- China deaths rise to 9 with 440 infections. Japan 1, Korea 1, Thailand 3, Taiwan 1
- Firstâ€¦",sallyyuen95,"Sydney, Australia","Lvl 25 || Washing her hands 24/7 ||sleeps anywhere || poet, dreamer, artist || M.Architorture @ #UNSW || #SallysSongbook || news ranter, anime spammer || æ—¥æœ¬èªOK",140,455,11485,False,"China #Coronavirus Latest: 
- China deaths rise to 9 with 440 infections. Japan 1, Korea 1, Thailand 3, Taiwan 1
- First case in U.S. state of Washington
- U.S. CDC &amp; WHO: expect more cases in U.S., China, Asia
@CBSNews is here. Wuhan seafood market believed to be #groundzero. ğŸ‡¨ğŸ‡³ https://t.co/iS6eytiLBI"
2020-01-22 06:20:59+00:00,RT @WeRemember721HK: People escape from WuHan #WuhanCoronavirus https://t.co/cx4IMyqcJA,AbleArthur,,,2,9,339,False,People escape from WuHan #WuhanCoronavirus https://t.co/cx4IMyqcJA
2020-01-22 06:02:47+00:00,RT @Reuters: A U.S. resident who recently traveled to China has been diagnosed with the newly identified Wuhan coronavirus that has sickeneâ€¦,wolffshadow,"Somewhere, USA","Political Activist and Commentator. Conservative. I know God exists. Keeping it real. Avid Photographer. Follow me, I follow back.",253,1282,8299,False,"A U.S. resident who recently traveled to China has been diagnosed with the newly identified Wuhan coronavirus that has sickened more than 300 people and killed at least six in China, the U.S. Centers for Disease Control and Prevention (CDC) said https://t.co/unxYqzvL34 https://t.co/Pw751NBpNs"
2020-01-22 06:12:01+00:00,"RT @ABC: Washington Gov. Jay Inslee on first confirmed case of coronavirus reported in U.S.: ""The risk is low to residents of the state ofâ€¦",u_corporations,Worldwide ,"Building a Billion Dollar Empire.

Together they climbed the dark stairs.",5600,50,3144,False,"Washington Gov. Jay Inslee on first confirmed case of coronavirus reported in U.S.: ""The risk is low to residents of the state of Washington.""

""This is certainly not a moment for panic or high anxiety. It is a moment for vigilance."" https://t.co/FsCRAdLtSR https://t.co/ba26z2KHIb"
2020-01-22 06:59:11+00:00,"RT @ezracheungtoto: Just in: Wuhan forbids social assemblies and livestock and wild animals import, says Chinaâ€™s National Health Commissionâ€¦",KelvinIp9,,Anti CCPï¼Œfight for freedom,362,421,20094,False,"Just in: Wuhan forbids social assemblies and livestock and wild animals import, says Chinaâ€™s National Health Commission minister Li Bin. 440 cases of the new #WuhanCoronavirus has been confirmed in China and the #coronavirus results in 9 deaths so far. 13 provinces are affected. https://t.co/Co2QQgzgvm"
2020-01-22 06:29:58+00:00,"RT @jeromyu: Message circulating on Weixun. A female Chinese from Wuhan reached Lyon via Paris, by passing border checks with Antipyretics.â€¦",Cecilia_ma6e1,,é¦™æ¸¯åŠ æ²¹ğŸ‡­ğŸ‡° å…‰å¾©é¦™æ¸¯ æ™‚ä»£é©å‘½  å¶çˆ¾æœƒè½‰å¶åƒç›¸é—œ åµãŒå¤§å¥½ã,457,477,18216,False,"Message circulating on Weixun. A female Chinese from Wuhan reached Lyon via Paris, by passing border checks with Antipyretics. Not sure if she got #WuhanCoronavirus https://t.co/HECyUcYRLu"
2020-01-22 06:11:00+00:00,"RT @nytimes: Breaking News: The first U.S. case of the Wuhan coronavirus has been confirmed in Washington State, federal officials said. Thâ€¦",willnam,,,8,126,1002,False,"Breaking News: The first U.S. case of the Wuhan coronavirus has been confirmed in Washington State, federal officials said. The virus has spread from China to at least 4 other countries. https://t.co/ahjgXTS9sM"
2020-01-22 06:14:51+00:00,"@arieljones411 @seanhannity Add that to what I already posted and it appears as though we are already at war, just nobody told us. I guess Trump forgot to tweet it ğŸ˜‰ 
Will US CDC Weaponize American Children? 
https://t.co/sUXTm4bjJ0",REALITYofJNJ,Earth,"susp @JNTNews w/ 1,500 followers Mar 2012 to Mar 2018. #censored #vaxx #vaccine #levaquin #risperdal #xarelto #siteHacked #coronavirus #COVID19 #biowar #pharma",520,508,19170,False,NaN
2020-01-22 06:18:00+00:00,RT @wsbtv: First U.S. case of deadly coronavirus confirmed; Atlanta airport to begin screening passengers: https://t.co/luszLKBAr7 https://â€¦,Blasian_mama,"Atl, LBC",Snapchat:blasianmama,712,312,50888,False,First U.S. case of deadly coronavirus confirmed; Atlanta airport to begin screening passengers: https://t.co/luszLKBAr7 https://t.co/o1wkSFEw6A
2020-01-22 06:19:18+00:00,"RT @nytimes: Breaking News: The first U.S. case of the Wuhan coronavirus has been confirmed in Washington State, federal officials said. Thâ€¦",Champion7R,,,2,64,1356,False,"Breaking News: The first U.S. case of the Wuhan coronavirus has been confirmed in Washington State, federal officials said. The virus has spread from China to at least 4 other countries. https://t.co/ahjgXTS9sM"
2020-01-22 06:33:21+00:00,"RT @nikki_miumiu: #WuhanCoronavirus has spread to #Macau, a 52 yr-old female from #Wuhan had diagnosed with the virus and is now isolated aâ€¦",Liberat68088432,"Sunderland, England",ğŸ‡­ğŸ‡°Engineerï½œğŸ¨Art lover | â˜‚ï¸Fighting for democracy  #5DemandsNotOneLess #FollowBackHongKong #æ‰‹è¶³äº’ç§‘,315,269,6312,False,"#WuhanCoronavirus has spread to #Macau, a 52 yr-old female from #Wuhan had diagnosed with the virus and is now isolated and receiving medical treatment. The patient spent most of her time staying in casino.

@rthk_news https://t.co/T8YyaCqwkp"
2020-01-22 06:22:45+00:00,"RT @ezracheungtoto: Just in: Wuhan forbids social assemblies and livestock and wild animals import, says Chinaâ€™s National Health Commissionâ€¦",mrrobothk,,Fight For FreedomğŸ—Stand with Hong KongğŸ‡­ğŸ‡°#Hongkonger #FollowBackHongKong #WeAreHongKong #FreeHK #SOSHK #LiberateHK #ç§‘å‹æ‰‹è¶³ #æ‰‹è¶³äº’ç§‘ #å…‰å¾©é¦™æ¸¯æ™‚ä»£é©å‘½ #äº”å¤§è¨´æ±‚ç¼ºä¸€ä¸å¯ #å¯§åŒ–é£›ç°ä¸ä½œæµ®å¡µ,2738,4080,3320,False,"Just in: Wuhan forbids social assemblies and livestock and wild animals import, says Chinaâ€™s National Health Commission minister Li Bin. 440 cases of the new #WuhanCoronavirus has been confirmed in China and the #coronavirus results in 9 deaths so far. 13 provinces are affected. https://t.co/Co2QQgzgvm"
2020-01-22 06:39:50+00:00,"RT @nikki_miumiu: #WuhanCoronavirus continue to spread nationwide in China, thereâ€™re at least 311 confirmed cases, claimed 6 lives, Chineseâ€¦",mhylee2,,Free HK,54,35,9602,False,"#WuhanCoronavirus continue to spread nationwide in China, thereâ€™re at least 311 confirmed cases, claimed 6 lives, Chinese health authorities also disclose thereâ€™re 15 healthcare workers infected, one of them is now in critical condition.
Source @rthk_news https://t.co/zqcsJPmGhq"
2020-01-22 06:12:54+00:00,"RT @ezracheungtoto: Just in: Wuhan forbids social assemblies and livestock and wild animals import, says Chinaâ€™s National Health Commissionâ€¦",Rangerjoe63Dot,,"There may be times when we are powerless to prevent injustice, but there must never be a time when we fail to protest. -- E. Wiesel",720,4986,123209,False,"Just in: Wuhan forbids social assemblies and livestock and wild animals import, says Chinaâ€™s National Health Commission minister Li Bin. 440 cases of the new #WuhanCoronavirus has been confirmed in China and the #coronavirus results in 9 deaths so far. 13 provinces are affected. https://t.co/Co2QQgzgvm"
2020-01-22 06:04:32+00:00,"RT @LizForTX8: On that point, I have stated that I am 100% for introducing legislation for funding CDC research on that issue.  And, we shoâ€¦",peachisyummy,NOT HERE TO DEBATE YO AZZ,"MARRIED TEXAS DEMğŸŒŠ
*Hillary*ğŸ’…ğŸ½ I'm Always imperfect ğŸ’…ğŸ¾
*Beto/KamalağŸ€âš–ï¸#NEVERBERNIE
Don't dismiss Black Boomers we're different
ğŸ¥@JoeBiden Feb 18âš–ï¸ ğŸš«MAGA",10247,10827,172011,False,"On that point, I have stated that I am 100% for introducing legislation for funding CDC research on that issue.  And, we should declare gun violence a Public Health Emergency to prioritize that funding. https://t.co/nUTSfMJCSA"
2020-01-22 06:35:45+00:00,"Open and timely communication between countries, public health specialists and healthcare workers &amp; the public now becomes crucial in the response to #WuhanCoronavirus. Gaps in reporting can only result in gaps in responses https://t.co/gikhMmyyEw",nellamugoni,Southern Africa,"Ph.D | Humanitarian | Public health communication | Gender | Emerging researcher | Constant scholar. I read, therefore, I am. Sometimes I exercise. Views my own",278,495,1206,False,NaN
2020-01-22 06:12:18+00:00,@egrea000 @Autumn4EE #Chinavirus lands in the USA https://t.co/iweNdlu5L6,ServativeCoin,"Idaho, USA","Conservative to the core. With a belief in God, Gold and Sound Money.",539,2448,703,False,NaN
2020-01-22 06:11:36+00:00,"RT @CNN: The United States has its first confirmed case of a new virus that appeared in Wuhan, China, last month.

The coronavirus has alreâ€¦",kleytoncooper,"Cleveland, OH",Poli-left satire_Mech Eng._Int'l Oil Exploration_Ind Design/Mfr._Foreign Service_ğŸ‡©ğŸ‡ªNÃ¼rburgring_ğŸ‡¨ğŸ‡¦Canada Cup_BREAD baker_.@lorax58 & cats+! #TheResistance_ğŸŒŠ,3695,3297,204338,False,"The United States has its first confirmed case of a new virus that appeared in Wuhan, China, last month.

The coronavirus has already sickened hundreds and killed six people in Asia. https://t.co/A2PodeeFR5"
2020-01-22 06:14:41+00:00,RT @Suluclac: CDC confirms first US case of coronavirus that has killed 9 in China @CNBC  https://t.co/2cJQks96Me,lavery1965,O.P. KS,"I don't DM
Big Trump Fan !",7709,8091,187178,False,CDC confirms first US case of coronavirus that has killed 9 in China @CNBC  https://t.co/2cJQks96Me
2020-01-22 06:09:17+00:00,"RT @kickbuckit: Reports of first case of #Wuhan coronavirus in WA state 
https://t.co/yTqdOn37Ha via @NYTimes",tanvihonap,"Norman, OK","Assistant Research Prof @OU_LMAMR. Interested in pathogen genomics, human microbiome, and ancient DNA. Coffee addict.",288,229,597,False,"Reports of first case of #Wuhan coronavirus in WA state 
https://t.co/yTqdOn37Ha via @NYTimes"
2020-01-22 06:13:15+00:00,"RT @CNN: The United States has its first confirmed case of a new virus that appeared in Wuhan, China, last month.

The coronavirus has alreâ€¦",MinaMin18091532,,"Not perfect by any means.  Love my heavenly Father. Love to laugh. Redskins. Bears.

No dm's please.",226,435,12385,False,"The United States has its first confirmed case of a new virus that appeared in Wuhan, China, last month.

The coronavirus has already sickened hundreds and killed six people in Asia. https://t.co/A2PodeeFR5"
2020-01-22 06:54:35+00:00,"RT @nikki_miumiu: #WuhanCoronavirus has spread to #Macau, a 52 yr-old female from #Wuhan had diagnosed with the virus and is now isolated aâ€¦",kehat13,,,251,292,7963,False,"#WuhanCoronavirus has spread to #Macau, a 52 yr-old female from #Wuhan had diagnosed with the virus and is now isolated and receiving medical treatment. The patient spent most of her time staying in casino.

@rthk_news https://t.co/T8YyaCqwkp"
2020-01-22 06:19:11+00:00,RT @wsbtv: First U.S. case of deadly coronavirus confirmed; Atlanta airport to begin screening passengers: https://t.co/luszLKTbPH https://â€¦,MorganDavii,"Atlanta, GA","amd â™¥ï¸ 10/28/14 â€“ 10/27/17 ğŸ’ iâ€™m obsessed with my wife and my dog. iâ€™m a professional napper, and sports are my only personality trait.",1322,999,646346,False,First U.S. case of deadly coronavirus confirmed; Atlanta airport to begin screening passengers: https://t.co/luszLKTbPH https://t.co/BLYrfhYbWP
2020-01-22 06:20:10+00:00,"RT @ICT_magazine: CDC confirms coronavirus lands in the United States.

https://t.co/pMcJ7OOZxY",MTurk255,"Istanbul, Turkey",Inherent vice,435,774,11528,False,"CDC confirms coronavirus lands in the United States.

https://t.co/pMcJ7OOZxY"
2020-01-22 06:51:21+00:00,"Don't be complacent, the #WuhanCoronavirus is very serious ! https://t.co/QmQ9K7ksa8",ClaireS06308973,somewhere on the earth,"earth citizen (UK/FR/HK/TW/AU/JP), support freedom/human rights/justice/nature, love reading/thinking/lazing",232,400,8585,False,NaN
2020-01-22 06:05:55+00:00,RT @CNN: The US Centers for Disease Control and Prevention is expected to announce this afternoon that the first case of Wuhan coronavirusâ€¦,delgadoadd,Puerto Rico,"PUPR | Primero un leÃ³n, luego un cordero #GC | LFC You'll Never Walk Alone | Sc: Aledelgado14",270,488,13058,False,"The US Centers for Disease Control and Prevention is expected to announce this afternoon that the first case of Wuhan coronavirus has been reported in the United States, in Washington state, a federal source outside the CDC tells CNN. https://t.co/R3aPYWq3t6"
2020-01-22 06:10:56+00:00,"@jmbrgnza Here are some links: https://t.co/kbrVi76k8m

https://t.co/QWf2qhmIIC

https://t.co/s1agwNTJhk",itscaptJACK,probably eating somewhere,i like biology,481,450,9070,False,NaN
2020-01-22 06:17:43+00:00,"RT @Kelfalala: @MVGosnoldFarmer @VincentCrypt46 @BradJorgensen8 CDC owns patents on vaccines?
Wouldn't that be a conflict of interest?",PeacemakerRoars,WA State,,789,266,96278,False,"@MVGosnoldFarmer @VincentCrypt46 @BradJorgensen8 CDC owns patents on vaccines?
Wouldn't that be a conflict of interest?"
2020-01-22 06:19:59+00:00,"RT @aroseblush: ğŸ’Š     CDC: U.S. resident in Washington state confirmed with coronavirus from China ğŸ’Š
https://t.co/qakCHHdrih",aroseblush,New England,CEO-Exec Motion Pictures. Film buff. Gardening. Pomeranians Rule! Political Activist  #RuleOfLaw #FlipTheSenate #BlueWave2020  #NotMyPresident  #Resist  ğŸŒŠ ğŸ’ªğŸ¼,25558,21790,135160,False,"ğŸ’Š     CDC: U.S. resident in Washington state confirmed with coronavirus from China ğŸ’Š
https://t.co/qakCHHdrih"
2020-01-22 06:06:02+00:00,"RT @eve_eats_apples: You need to pay attention to this

Lambie will support the #Indue #CDC  national roll out within 2 yrs, &amp; NO opt-outsâ€¦",DrMWalsh1,,"Assoc Professor, Uni of Canberra, Australia. Program Director - Bachelor of Politics & International Relations & Bachelor of Philosophy Honours. Views my own.",1169,1400,14679,False,"You need to pay attention to this

Lambie will support the #Indue #CDC  national roll out within 2 yrs, &amp; NO opt-outs

If it doesn't effect you now, chances are it will one day, or someone you know

It's UNCONSTITUTIONAL!!

NO to #cashlessdebitcard 

#auspol https://t.co/fScMRd1BsI"
2020-01-22 06:13:48+00:00,"RT @jeromyu: Message circulating on Weixun. A female Chinese from Wuhan reached Lyon via Paris, by passing border checks with Antipyretics.â€¦",negaloi,é¦™æ¸¯,æ„› æ„› æ„›!,172,249,5187,False,"Message circulating on Weixun. A female Chinese from Wuhan reached Lyon via Paris, by passing border checks with Antipyretics. Not sure if she got #WuhanCoronavirus https://t.co/HECyUcYRLu"
2020-01-22 06:20:38+00:00,"RT @onlyyoontv: #China confirms 440 cases, 9 deaths, 13 provinces/regions. 1 Japan, 3 Thailand, 1 South Korea. National Health Commission sâ€¦",chartenigma,Hong Kong,,164,502,690,False,"#China confirms 440 cases, 9 deaths, 13 provinces/regions. 1 Japan, 3 Thailand, 1 South Korea. National Health Commission says virus may mutate, epidemic at risk of further spread. On super-spreaders, expert says, â€œSo far there is no proof this has occurred.â€ ğŸ˜· #WuhanCoronavirus"
2020-01-22 06:08:31+00:00,"Going to Taiwan with my daughter after the end of Chinese New Year. I'm feeling pretty relieved we decided not to go to China, but also still a bit worried about the #WuhanCoronavirus https://t.co/QdB0MPLlnd",Webwight,Paris  London,My inner bookworm is an erudite nine-year-old. ä¿¡è€Œå¥½å¤ [I love ancient things. â€“Confucius] Reader writer translator. I read your books   ğŸ‘ ğŸ‘ ğŸ‘,1502,2895,37477,False,NaN
2020-01-22 06:10:16+00:00,"RT @ABC: The first case of a new coronavirus that's sickened nearly 300 people in Asia has been reported in a patient in Washington state,â€¦",ToANewFuture,"Berkeley, CA","My name is Paul Erickson, and I am here to take #Trump down. #IMPOTUS #RemoveTrump â€” We Will Win #Resist + #COVID19",401,1019,39403,False,"The first case of a new coronavirus that's sickened nearly 300 people in Asia has been reported in a patient in Washington state, according to the CDC. https://t.co/Bfst9h4ZgD"
2020-01-22 06:11:11+00:00,"RT @adamswendya: Bulls-eye rash is not erythema migrans. @everly_well, please correct your website. EM has bulls-eye appearence only sometiâ€¦",LymeBook,,"Top Yale-trained MD & chart-topping Sony/ATV songwriter, coauthors of: â€˜CHRONIC: The Hidden Cause of the Autoimmune Pandemic and How to Get Healthy Againâ€™",1545,327,959,False,"Bulls-eye rash is not erythema migrans. @everly_well, please correct your website. EM has bulls-eye appearence only sometimes; the picture/verbage on your site is incorrect. Pls DM if you have q.
@CDC_NCEZID youâ€™ve failed to educate the public on this crucial fact.@BayAreaLyme"
2020-01-22 06:12:02+00:00,"RT @Dystopia992: ğŸ‡¨ğŸ‡³ #ChinaPneumonia
â€” The CDC has confirmed the FIRST #US case of Wuhan #coronavirus after a traveler was diagnosed in Seatâ€¦",98h33654581,,ä¸æ–·retweetæ—¢ä¸€å€‹ac~~,189,31,31862,False,"ğŸ‡¨ğŸ‡³ #ChinaPneumonia
â€” The CDC has confirmed the FIRST #US case of Wuhan #coronavirus after a traveler was diagnosed in Seattle, #Washington.

Birds, raccoon dogs, rodents.. @CNNâ€™s video inside #Wuhanâ€™s Hainan â€œSeafoodâ€ Market, origin of #WuhanPneumonia..
https://t.co/GjF1aDFkZU"
2020-01-22 06:15:04+00:00,"The CDC in the USA who initially reported concerns regarding the vaping illness outbreak at the end of last year have narrowed their recommendations... Finally. 

https://t.co/4FnnKUGWAO",VapouriumNZ,"Dunedin City, New Zealand","We are New Zealand's first brick and mortar Vapouriser outlet, providing the nation with the highest quality products at competitive prices. Get at us!",348,99,604,False,NaN
2020-01-22 06:00:57+00:00,RT @OfficialJoelF: #BREAKING: @CNN reports the CDC will announce the first US case of this virus,Btong10,New York ,Just living my life on that pursuit of happiness  ğŸ‡¨ğŸ‡´ ğŸ‡¨ğŸ‡·,789,1263,17320,False,#BREAKING: @CNN reports the CDC will announce the first US case of this virus https://t.co/OCqC8504LO
2020-01-22 06:01:19+00:00,RT @Independent: Inside the US town attempting to contain deadly coronavirus https://t.co/fU0sy7ac35,ScientistOld,,"https://t.co/zVVlOTTx9E
https://t.co/SIDVIYgD9o
https://t.co/0nHGcyqR0p",3,90,431,False,Inside the US town attempting to contain deadly coronavirus https://t.co/fU0sy7ac35
2020-01-22 06:19:10+00:00,"RT @CNN: The United States has its first confirmed case of a new virus that appeared in Wuhan, China, last month.

The coronavirus has alreâ€¦",michaellangela_,garbage,ğŸ‡µğŸ‡­ğŸ‡³ğŸ‡¿,206,409,15194,False,"The United States has its first confirmed case of a new virus that appeared in Wuhan, China, last month.

The coronavirus has already sickened hundreds and killed six people in Asia. https://t.co/A2PodeeFR5"
2020-01-22 06:00:03+00:00,"RT @LizForTX8: On that point, I have stated that I am 100% for introducing legislation for funding CDC research on that issue.  And, we shoâ€¦",TrayBridgewater,"Houston, Texas",He/him | Literacy Ed | New Deal Democrat | Billy Joel Fan | Welfare-Statist | Revolutionary Empathy | Grifter | Micah 6:8 ğŸ”¯ | Anti-Nihilist ğŸ£,8729,6305,21423,False,"On that point, I have stated that I am 100% for introducing legislation for funding CDC research on that issue.  And, we should declare gun violence a Public Health Emergency to prioritize that funding. https://t.co/nUTSfMJCSA"
2020-01-22 06:03:46+00:00,RT @thouse_opinions: Mainstream media covering #WuhanCoronavirus are unlikely to tell you the improvement in China's healthcare situation.â€¦,mubarakUG,"Kampala,Uganda","Journalist @newvisionwire , China-Africa Press Center Fellow â€˜19.",822,125,4418,False,"Mainstream media covering #WuhanCoronavirus are unlikely to tell you the improvement in China's healthcare situation. 1.4 billion people receive better care now due to the government's heavy investment, says @Tom_Fowdy.  https://t.co/8b7ynPhnGz https://t.co/WgNKzzIMtK"
2020-01-22 06:02:07+00:00,"RT @Dystopia992: ğŸ‡¨ğŸ‡³ #ChinaPneumonia
â€” The CDC has confirmed the FIRST #US case of Wuhan #coronavirus after a traveler was diagnosed in Seatâ€¦",Hongkong3333333,,"Itâ€™s Now or Never! #FreeHK
#Democracy #Freedom #HumanRights
#AnywherebutChina #boycottChina
#StandwithHK #StandwithHongKong
#YellowEconomicCircle",4827,5309,22563,False,"ğŸ‡¨ğŸ‡³ #ChinaPneumonia
â€” The CDC has confirmed the FIRST #US case of Wuhan #coronavirus after a traveler was diagnosed in Seattle, #Washington.

Birds, raccoon dogs, rodents.. @CNNâ€™s video inside #Wuhanâ€™s Hainan â€œSeafoodâ€ Market, origin of #WuhanPneumonia..
https://t.co/GjF1aDFkZU"
2020-01-22 06:28:04+00:00,"RT @onlyyoontv: Virus found in fruit bats is common ancestor of #WuhanCoronavirus and #SARS, Chinese study says. Says new strain has unusuaâ€¦",xfdxdf,,Lol,7,107,104,False,"Virus found in fruit bats is common ancestor of #WuhanCoronavirus and #SARS, Chinese study says. Says new strain has unusually high ability to bind to human protein so weaker but still â€œhighly infectious.â€ ğŸ˜·https://t.co/M3wUrWVlqT"
2020-01-22 06:53:25+00:00,"RT @nikki_miumiu: #WuhanCoronavirus continue to spread nationwide in China, thereâ€™re at least 311 confirmed cases, claimed 6 lives, Chineseâ€¦",hkpeachy,Hong Kong,"They call me Freedom Fighter ğŸ’ªğŸ»ğŸ‘¸ğŸ» #StandWithHongKong âœ¨ğŸŒ Spread LOVE ğŸ’– Politics, BooksğŸ“š , Sports, GymğŸ‹ğŸ»â€â™€ï¸, Travel, Music. Iâ€™m open to conversation ğŸ¥°",3149,1194,751,False,"#WuhanCoronavirus continue to spread nationwide in China, thereâ€™re at least 311 confirmed cases, claimed 6 lives, Chinese health authorities also disclose thereâ€™re 15 healthcare workers infected, one of them is now in critical condition.
Source @rthk_news https://t.co/zqcsJPmGhq"
2020-01-22 06:18:52+00:00,"RT @ABC: The first case of a new coronavirus that's sickened nearly 300 people in Asia has been reported in a patient in Washington state,â€¦",Paulina47345131,,"Mujer, idealista, comunicadora, fiel creyente de la justicia y la equidad de la humanidad",74,432,2713,False,"The first case of a new coronavirus that's sickened nearly 300 people in Asia has been reported in a patient in Washington state, according to the CDC. https://t.co/Bfst9h4ZgD"
2020-01-22 06:55:44+00:00,Researchers develop first #DiagnosticTest for novel #Coronavirus in #China: #CharitÃ© â€“ #UniversitÃ¤tsmedizin #Berlin #WuhanCoronavirus #WuhanPneumonia #Diagnostic #WHO #University https://t.co/CuNxA34MSr,Marieaaow,"Berlin,Dubai","âŒDM, âŒpOR/\/ #Berlin #Dubai #Science #Respect #PeaceOnEarth #WritingCommunity #StayAtHome #Microbiology https://t.co/pttHiHOn5V",13069,10867,35702,False,NaN
2020-01-22 06:08:37+00:00,"RT @Dystopia992: ğŸ‡¨ğŸ‡³ #ChinaPneumonia
â€” The CDC has confirmed the FIRST #US case of Wuhan #coronavirus after a traveler was diagnosed in Seatâ€¦",iamahongkonger5,,,202,217,16499,False,"ğŸ‡¨ğŸ‡³ #ChinaPneumonia
â€” The CDC has confirmed the FIRST #US case of Wuhan #coronavirus after a traveler was diagnosed in Seattle, #Washington.

Birds, raccoon dogs, rodents.. @CNNâ€™s video inside #Wuhanâ€™s Hainan â€œSeafoodâ€ Market, origin of #WuhanPneumonia..
https://t.co/GjF1aDFkZU"
2020-01-22 06:11:36+00:00,"RT @CNN: The United States has its first confirmed case of a new virus that appeared in Wuhan, China, last month, the US Centers for Diseasâ€¦",TheShehus,,,2728,2462,38117,False,"The United States has its first confirmed case of a new virus that appeared in Wuhan, China, last month, the US Centers for Disease Control and Prevention announced. The virus has already sickened hundreds and killed six people in Asia. https://t.co/odemhZIlSY"
2020-01-22 06:05:46+00:00,"RT @Dystopia992: ğŸ‡¨ğŸ‡³ #ChinaPneumonia
â€” The CDC has confirmed the FIRST #US case of Wuhan #coronavirus after a traveler was diagnosed in Seatâ€¦",M_Rizalk24,"Pinrang, Sulawesi Selatan",Trying to be happy in loneliness,14,289,347,False,"ğŸ‡¨ğŸ‡³ #ChinaPneumonia
â€” The CDC has confirmed the FIRST #US case of Wuhan #coronavirus after a traveler was diagnosed in Seattle, #Washington.

Birds, raccoon dogs, rodents.. @CNNâ€™s video inside #Wuhanâ€™s Hainan â€œSeafoodâ€ Market, origin of #WuhanPneumonia..
https://t.co/GjF1aDFkZU"
2020-01-22 06:09:21+00:00,RT @Suluclac: CDC confirms first US case of coronavirus that has killed 9 in China @CNBC  https://t.co/2cJQks96Me,Patriot1059,"Volusia County, Florida ","@USArmy Vet for minimal government and taxes, strong defense, and free market. The first 10 amendments are set in stone. 6th Gen Floridian #GoGators",9779,6610,64484,False,CDC confirms first US case of coronavirus that has killed 9 in China @CNBC  https://t.co/2cJQks96Me
2020-01-22 06:10:25+00:00,"RT @NPR: The U.S. will begin â€” at JFK, LAX and SFO â€” screening passengers who are traveling from Wuhan, China, for a virus that has causedâ€¦",lulabelldesigns,America,Married 33 years with @Tomtomt707 Proud of R 4 Children & Grandchild! Catholic Christian OneNationUnderGOD AmericanPatriot ğŸ‘‰https://t.co/XaqFS6QUMe â˜¦ï¸ğŸ‡ºğŸ‡¸Ù†,3617,4999,222288,False,"The U.S. will begin â€” at JFK, LAX and SFO â€” screening passengers who are traveling from Wuhan, China, for a virus that has caused a pneumonia outbreak in that city.

The CDC says at this moment the risk of infection to the general American public is low.
https://t.co/QMYjMoHaND"
2020-01-22 06:12:22+00:00,CDC Confirms First U.S. Case of Deadly China Virus https://t.co/td4y6dKFcq via @BreitbartNews,Nan33S,United States,"I belong to The Lord Christ Jesus,bought with Blood. Looking for the Light to overcome the Darkness! #MAGA #Trump2020Victory The 3 Stars are for @GenFlynn",9075,8210,162343,False,NaN
2020-01-22 06:11:53+00:00,@Rutledge2203 What are you talking about? The CDC has stated 13 vaccines in one visit is fine.ğŸ™„,Rectitude20,,Uncovering the truth behind vaccines.,15344,2419,9011,False,NaN
2020-01-22 06:05:44+00:00,"The U.S. on Tuesday reported its first case of a new and potentially deadly virus circulating in China, saying a Washington state resident who returned last week from the outbreak's epicenter was hospitalized in good condition near Seattle.â€‹ https://t.co/6Ni8bg6JYZ",WGNNews,"Chicago, IL","Chicago's very own source for news, weather, sports and entertainment. Join us on Facebook http://t.co/SDUdw1qFP4 & Instagram https://t.co/PIWgjjG87Y",299266,1140,136214,True,NaN
